<ImportExportXml version="9.2.22111.176" SolutionPackageVersion="9.2" languagecode="1033" generatedBy="CrmLive" xmlns:xsi="http://www.w3.org/2001/XMLSchema-instance">
  <SolutionManifest>
    <UniqueName>EmergencyResponse</UniqueName>
    <LocalizedNames>
      <LocalizedName description="Emergency Response " languagecode="1033" />
      <LocalizedName description="Réponse d'urgence" languagecode="1036" />
    </LocalizedNames>
    <Descriptions>
      <Description description="Upgrade of Emergency Response " languagecode="1033" />
    </Descriptions>
    <Version>4.2.4.3</Version>
    <Managed>0</Managed>
    <Publisher>
      <UniqueName>avanade</UniqueName>
      <LocalizedNames>
        <LocalizedName description="Avanade" languagecode="1033" />
        <LocalizedName description="Avanade" languagecode="1036" />
      </LocalizedNames>
      <Descriptions />
      <EMailAddress xsi:nil="true"></EMailAddress>
      <SupportingWebsiteUrl>https://www.avanade.com</SupportingWebsiteUrl>
      <CustomizationPrefix>ava</CustomizationPrefix>
      <CustomizationOptionValuePrefix>91524</CustomizationOptionValuePrefix>
      <Addresses>
        <Address>
          <AddressNumber>1</AddressNumber>
          <AddressTypeCode>1</AddressTypeCode>
          <City xsi:nil="true"></City>
          <County xsi:nil="true"></County>
          <Country xsi:nil="true"></Country>
          <Fax xsi:nil="true"></Fax>
          <FreightTermsCode xsi:nil="true"></FreightTermsCode>
          <ImportSequenceNumber xsi:nil="true"></ImportSequenceNumber>
          <Latitude xsi:nil="true"></Latitude>
          <Line1 xsi:nil="true"></Line1>
          <Line2 xsi:nil="true"></Line2>
          <Line3 xsi:nil="true"></Line3>
          <Longitude xsi:nil="true"></Longitude>
          <Name xsi:nil="true"></Name>
          <PostalCode xsi:nil="true"></PostalCode>
          <PostOfficeBox xsi:nil="true"></PostOfficeBox>
          <PrimaryContactName xsi:nil="true"></PrimaryContactName>
          <ShippingMethodCode>1</ShippingMethodCode>
          <StateOrProvince xsi:nil="true"></StateOrProvince>
          <Telephone1 xsi:nil="true"></Telephone1>
          <Telephone2 xsi:nil="true"></Telephone2>
          <Telephone3 xsi:nil="true"></Telephone3>
          <TimeZoneRuleVersionNumber xsi:nil="true"></TimeZoneRuleVersionNumber>
          <UPSZone xsi:nil="true"></UPSZone>
          <UTCOffset xsi:nil="true"></UTCOffset>
          <UTCConversionTimeZoneCode xsi:nil="true"></UTCConversionTimeZoneCode>
        </Address>
        <Address>
          <AddressNumber>2</AddressNumber>
          <AddressTypeCode>1</AddressTypeCode>
          <City xsi:nil="true"></City>
          <County xsi:nil="true"></County>
          <Country xsi:nil="true"></Country>
          <Fax xsi:nil="true"></Fax>
          <FreightTermsCode xsi:nil="true"></FreightTermsCode>
          <ImportSequenceNumber xsi:nil="true"></ImportSequenceNumber>
          <Latitude xsi:nil="true"></Latitude>
          <Line1 xsi:nil="true"></Line1>
          <Line2 xsi:nil="true"></Line2>
          <Line3 xsi:nil="true"></Line3>
          <Longitude xsi:nil="true"></Longitude>
          <Name xsi:nil="true"></Name>
          <PostalCode xsi:nil="true"></PostalCode>
          <PostOfficeBox xsi:nil="true"></PostOfficeBox>
          <PrimaryContactName xsi:nil="true"></PrimaryContactName>
          <ShippingMethodCode>1</ShippingMethodCode>
          <StateOrProvince xsi:nil="true"></StateOrProvince>
          <Telephone1 xsi:nil="true"></Telephone1>
          <Telephone2 xsi:nil="true"></Telephone2>
          <Telephone3 xsi:nil="true"></Telephone3>
          <TimeZoneRuleVersionNumber xsi:nil="true"></TimeZoneRuleVersionNumber>
          <UPSZone xsi:nil="true"></UPSZone>
          <UTCOffset xsi:nil="true"></UTCOffset>
          <UTCConversionTimeZoneCode xsi:nil="true"></UTCConversionTimeZoneCode>
        </Address>
      </Addresses>
    </Publisher>
    <RootComponents>
      <RootComponent type="1" schemaName="annotation" behavior="2" />
      <RootComponent type="1" schemaName="ava_applicantcitizenship" behavior="0" />
      <RootComponent type="1" schemaName="ava_request" behavior="0" />
      <RootComponent type="1" schemaName="phonetocaseprocess" behavior="0" />
      <RootComponent type="1" schemaName="systemuser" behavior="0" />
      <RootComponent type="9" schemaName="ava_applicability" behavior="0" />
      <RootComponent type="9" schemaName="ava_applicabilityreasonfordenial" behavior="0" />
      <RootComponent type="9" schemaName="ava_applicationdecision" behavior="0" />
      <RootComponent type="9" schemaName="ava_applicationtype" behavior="0" />
      <RootComponent type="9" schemaName="ava_basisfordenial" behavior="0" />
      <RootComponent type="9" schemaName="ava_completeness" behavior="0" />
      <RootComponent type="9" schemaName="ava_completenessreasonfordenial" behavior="0" />
      <RootComponent type="9" schemaName="ava_consistency" behavior="0" />
      <RootComponent type="9" schemaName="ava_consistencyreasonfordenial" behavior="0" />
      <RootComponent type="9" schemaName="ava_dateofbirthday" behavior="0" />
      <RootComponent type="9" schemaName="ava_dateofbirthmonth" behavior="0" />
      <RootComponent type="9" schemaName="ava_dateofbirthyear" behavior="0" />
      <RootComponent type="9" schemaName="ava_decisionstatusreason" behavior="0" />
      <RootComponent type="9" schemaName="ava_gender" behavior="0" />
      <RootComponent type="9" schemaName="ava_modeoftransportation" behavior="0" />
      <RootComponent type="9" schemaName="ava_quarantinelocationprovinceterritory" behavior="0" />
      <RootComponent type="9" schemaName="ava_quarantinelocationtype" behavior="0" />
      <RootComponent type="9" schemaName="ava_reasonfordenial" behavior="0" />
      <RootComponent type="9" schemaName="ava_validityperiod" behavior="0" />
      <RootComponent type="9" schemaName="cr276_personsupportingstatus" behavior="0" />
      <RootComponent type="9" schemaName="cr276_traveldocumenttype" behavior="0" />
      <RootComponent type="9" schemaName="msdyn_applicationtype" behavior="0" />
      <RootComponent type="20" id="{3b4e3974-4512-eb11-a813-000d3af43929}" behavior="0" />
      <RootComponent type="20" id="{a903fce0-3cf9-ea11-a815-000d3af425c3}" behavior="0" />
      <RootComponent type="20" id="{d1f4673f-52f9-ea11-a815-000d3af425c3}" behavior="0" />
      <RootComponent type="29" id="{0ffbcde4-61c1-4355-aa89-aa1d7b2b8792}" behavior="0" />
      <RootComponent type="61" schemaName="ava_responsejs" behavior="0" />
      <RootComponent type="62" schemaName="ava_EmergencyResponse" behavior="0" />
      <RootComponent type="80" schemaName="ava_EmergencyResponse" behavior="0" />
    </RootComponents>
    <MissingDependencies>
      <MissingDependency>
        <Required type="1" schemaName="adx_webformsession" displayName="Web Form Session" solution="MicrosoftPortalWebForms (9.3.2209.2)">
          <package>CDSBasePortal (9.3.2204.70)</package>
          <package>CDSBasePortal (9.3.2209.79)</package>
          <package>StarterPortal (9.3.2209.79)</package>
        </Required>
        <Dependent type="1" schemaName="systemuser" displayName="User" />
      </MissingDependency>
      <MissingDependency>
        <Required type="1" schemaName="appusersetting" displayName="Model-Driven App User Setting" solution="AppModule (9.1.22073.220708001)" />
        <Dependent type="1" schemaName="systemuser" displayName="User" />
      </MissingDependency>
      <MissingDependency>
        <Required type="1" schemaName="bot" displayName="Chatbot" solution="PowerVirtualAgents (2.0.0.343)">
          <package>msdynce_CustomerCareIntelligenceBots_Anchor (2.0.0.343)</package>
        </Required>
        <Dependent type="1" schemaName="systemuser" displayName="User" />
      </MissingDependency>
      <MissingDependency>
        <Required type="1" schemaName="msdyn_agentcapacityupdatehistory" displayName="Agent capacity update history" solution="OCBaseURBase (1.0.0.3605)">
          <package>UnifiedRoutingPrimeAnchor (1.5.16.6301)</package>
        </Required>
        <Dependent type="1" schemaName="systemuser" displayName="User" />
      </MissingDependency>
      <MissingDependency>
        <Required type="1" schemaName="msdyn_agentstatushistory" displayName="Agent Status history" solution="OmnichannelBase (1.5.0.5879)">
          <package>UnifiedRoutingPrimeAnchor (1.5.16.6301)</package>
        </Required>
        <Dependent type="1" schemaName="systemuser" displayName="User" />
      </MissingDependency>
      <MissingDependency>
        <Required type="1" schemaName="msdyn_assignmentmap" displayName="Assignment Map" solution="msdyn_SalesRouting (9.1.2210.5005)">
          <package>msdyn_AcceleratedSalesAnchor (9.1.22105.10008)</package>
          <package>msdynce_SalesInsightsAnchor (9.0.22105.10005)</package>
        </Required>
        <Dependent type="1" schemaName="systemuser" displayName="User" />
      </MissingDependency>
      <MissingDependency>
        <Required type="1" schemaName="msdyn_conversationmessageblock" displayName="Conversation Message Block" solution="OmnichannelBase (1.5.0.5879)">
          <package>UnifiedRoutingPrimeAnchor (1.5.16.6301)</package>
        </Required>
        <Dependent type="1" schemaName="systemuser" displayName="User" />
      </MissingDependency>
      <MissingDependency>
        <Required type="1" schemaName="msdyn_customeremailcommunication" displayName="Customer email communication" solution="SICommon (9.0.2.3492)">
          <package>msdynce_SalesInsightsAnchor (9.0.22105.10005)</package>
        </Required>
        <Dependent type="1" schemaName="systemuser" displayName="User" />
      </MissingDependency>
      <MissingDependency>
        <Required type="1" schemaName="msdyn_dataanalyticsworkspace" displayName="Data Analytics Workspace" solution="msdyn_DataInsightsAndAnalytics (1.2.22305.4)">
          <package>msdyn_ServiceExtendedAnchor (9.0.22105.1010)</package>
          <package>msdynce_ServiceAnchor (9.0.22105.1008)</package>
        </Required>
        <Dependent type="1" schemaName="systemuser" displayName="User" />
      </MissingDependency>
      <MissingDependency>
        <Required type="1" schemaName="msdyn_duplicateleadmapping" displayName="Duplicate Lead Mapping" solution="msdyn_leadhygiene (9.1.2210.5001)">
          <package>msdyn_AcceleratedSalesAnchor (9.1.22105.10008)</package>
        </Required>
        <Dependent type="1" schemaName="systemuser" displayName="User" />
      </MissingDependency>
      <MissingDependency>
        <Required type="1" schemaName="msdyn_forecast" displayName="Forecast" solution="msdyn_Forecasting (9.0.22082.11020)">
          <package>msdyn_SalesIntegrationsAddOns (9.0.22054.10002)</package>
          <package>msdyn_SalesIntegrationsAddOns (9.0.22105.10001)</package>
        </Required>
        <Dependent type="1" schemaName="systemuser" displayName="User" />
      </MissingDependency>
      <MissingDependency>
        <Required type="1" schemaName="msdyn_liveconversation" displayName="Ongoing conversation (Deprecated)" solution="OmnichannelBase (1.5.0.5879)">
          <package>UnifiedRoutingPrimeAnchor (1.5.16.6301)</package>
        </Required>
        <Dependent type="1" schemaName="systemuser" displayName="User" />
      </MissingDependency>
      <MissingDependency>
        <Required type="1" schemaName="msdyn_liveworkstream" displayName="Work Stream" solution="OmnichannelBase (1.5.0.5879)">
          <package>UnifiedRoutingPrimeAnchor (1.5.16.6301)</package>
        </Required>
        <Dependent type="1" schemaName="systemuser" displayName="User" />
      </MissingDependency>
      <MissingDependency>
        <Required type="1" schemaName="msdyn_ocliveworkitem" displayName="Conversation" solution="OmnichannelBase (1.5.0.5879)">
          <package>UnifiedRoutingPrimeAnchor (1.5.16.6301)</package>
        </Required>
        <Dependent type="1" schemaName="systemuser" displayName="User" />
      </MissingDependency>
      <MissingDependency>
        <Required type="1" schemaName="msdyn_ocliveworkitemcharacteristic" displayName="Conversation Characteristic" solution="OmnichannelSBR (1.5.0.18)">
          <package>UnifiedRoutingPrimeAnchor (1.5.16.6301)</package>
        </Required>
        <Dependent type="1" schemaName="systemuser" displayName="User" />
      </MissingDependency>
      <MissingDependency>
        <Required type="1" schemaName="msdyn_ocliveworkitemparticipant" displayName="Live Work Item Participant (Deprecated)" solution="OmnichannelBase (1.5.0.5879)">
          <package>UnifiedRoutingPrimeAnchor (1.5.16.6301)</package>
        </Required>
        <Dependent type="1" schemaName="systemuser" displayName="User" />
      </MissingDependency>
      <MissingDependency>
        <Required type="1" schemaName="msdyn_ocruleitem" displayName="Rule Item" solution="OmnichannelBase (1.5.0.5879)">
          <package>UnifiedRoutingPrimeAnchor (1.5.16.6301)</package>
        </Required>
        <Dependent type="1" schemaName="systemuser" displayName="User" />
      </MissingDependency>
      <MissingDependency>
        <Required type="1" schemaName="msdyn_ocsitrainingdata" displayName="Training record" solution="OCISBR (1.0.0.3589)">
          <package>UnifiedRoutingPrimeAnchor (1.5.16.6301)</package>
        </Required>
        <Dependent type="1" schemaName="systemuser" displayName="User" />
      </MissingDependency>
      <MissingDependency>
        <Required type="1" schemaName="msdyn_preferredagent" displayName="Preferred Agent" solution="UnifiedRouting (1.0.0.3606)">
          <package>UnifiedRoutingPrimeAnchor (1.5.16.6301)</package>
        </Required>
        <Dependent type="1" schemaName="systemuser" displayName="User" />
      </MissingDependency>
      <MissingDependency>
        <Required type="1" schemaName="msdyn_presence" displayName="Presence" solution="OmnichannelBase (1.5.0.5879)">
          <package>UnifiedRoutingPrimeAnchor (1.5.16.6301)</package>
        </Required>
        <Dependent type="10" schemaName="msdyn_msdyn_presence_systemuser" displayName="msdyn_msdyn_presence_systemuser" parentSchemaName="msdyn_presence" parentDisplayName="Presence" />
      </MissingDependency>
      <MissingDependency>
        <Required type="1" schemaName="msdyn_salesroutingrun" displayName="Sales routing run" solution="msdyn_SalesRouting (9.1.2210.5005)">
          <package>msdyn_AcceleratedSalesAnchor (9.1.22105.10008)</package>
          <package>msdynce_SalesInsightsAnchor (9.0.22105.10005)</package>
        </Required>
        <Dependent type="1" schemaName="systemuser" displayName="User" />
      </MissingDependency>
      <MissingDependency>
        <Required type="1" schemaName="msdyn_sessionparticipant" displayName="Session participant" solution="OmnichannelBase (1.5.0.5879)">
          <package>UnifiedRoutingPrimeAnchor (1.5.16.6301)</package>
        </Required>
        <Dependent type="1" schemaName="systemuser" displayName="User" />
      </MissingDependency>
      <MissingDependency>
        <Required type="1" schemaName="msdyn_shareasconfiguration" displayName="ShareAs Configuration" solution="msdyn_Forecasting (9.0.22082.11020)">
          <package>msdyn_SalesIntegrationsAddOns (9.0.22054.10002)</package>
          <package>msdyn_SalesIntegrationsAddOns (9.0.22105.10001)</package>
        </Required>
        <Dependent type="1" schemaName="systemuser" displayName="User" />
      </MissingDependency>
      <MissingDependency>
        <Required type="1" schemaName="msdyn_swarmparticipant" displayName="Swarm participant" solution="msdyn_Swarming (9.0.22105.1010)">
          <package>msdyn_ServiceExtendedAnchor (9.0.22105.1010)</package>
        </Required>
        <Dependent type="1" schemaName="systemuser" displayName="User" />
      </MissingDependency>
      <MissingDependency>
        <Required type="1" schemaName="msdyn_systemuserschedulersetting" displayName="System User Scheduler Setting" solution="MicrosoftDynamicsScheduling (3.12.0.448)" />
        <Dependent type="1" schemaName="systemuser" displayName="User" />
      </MissingDependency>
      <MissingDependency>
        <Required type="1" schemaName="msdyn_unifiedroutingrun" displayName="Routing diagnostic" solution="DecisionEngine (1.0.0.3570)">
          <package>msdyn_ServiceExtendedAnchor (9.0.22105.1010)</package>
        </Required>
        <Dependent type="1" schemaName="systemuser" displayName="User" />
      </MissingDependency>
      <MissingDependency>
        <Required type="1" schemaName="msdyn_wallsavedqueryusersettings" displayName="Filter" solution="ActivityFeedsCore (9.0.0.0008)" />
        <Dependent type="1" schemaName="systemuser" displayName="User" />
      </MissingDependency>
      <MissingDependency>
        <Required type="1" schemaName="msfp_survey" displayName="Customer Voice survey" solution="MicrosoftFormsPro (2.0.0.38)">
          <package>MicrosoftFormsPro (2.0.0.38)</package>
        </Required>
        <Dependent type="1" schemaName="systemuser" displayName="User" />
      </MissingDependency>
      <MissingDependency>
        <Required type="1" schemaName="phonetocaseprocess" displayName="Phone To Case Process" solution="msdynce_Service (9.0.5.56)">
          <package>msdynce_ServiceAnchor (9.0.22105.1008)</package>
        </Required>
        <Dependent type="1" schemaName="phonetocaseprocess" displayName="Phone To Case Process" />
      </MissingDependency>
      <MissingDependency>
        <Required type="1" schemaName="phonetocaseprocess" displayName="Phone To Case Process" solution="msdynce_Service (9.0.5.56)">
          <package>msdynce_ServiceAnchor (9.0.22105.1008)</package>
        </Required>
        <Dependent type="50" schemaName="phonetocaseprocess:RibbonDiffXml" displayName="phonetocaseprocess:RibbonDiffXml" parentSchemaName="ribboncustomization" parentDisplayName="Application Ribbons" />
      </MissingDependency>
      <MissingDependency>
        <Required type="1" schemaName="usermobileofflineprofilemembership" displayName="UserMobileOfflineProfileMembership" solution="MobileOfflineMembership (1.0.0.3)" />
        <Dependent type="1" schemaName="systemuser" displayName="User" />
      </MissingDependency>
      <MissingDependency>
        <Required type="10" schemaName="adx_webrole_systemuser" displayName="adx_webrole_systemuser" parentSchemaName="adx_webrole" parentDisplayName="Web Role" solution="MicrosoftPortalBase (9.3.2204.5)">
          <package>CDSBasePortal (9.3.2204.70)</package>
          <package>CDSBasePortal (9.3.2209.79)</package>
          <package>StarterPortal (9.3.2209.79)</package>
        </Required>
        <Dependent type="10" schemaName="adx_webrole_systemuser" displayName="adx_webrole_systemuser" parentSchemaName="adx_webrole" parentDisplayName="Web Role" />
      </MissingDependency>
      <MissingDependency>
        <Required type="10" schemaName="msdyn_appconfiguration_systemuser" displayName="msdyn_appconfiguration_systemuser" parentSchemaName="msdyn_appconfiguration" parentDisplayName="App profile" solution="msdyn_AppProfileManager (10.1.22105.1012)">
          <package>msdyn_AppProfileManagerAnchor (10.1.22105.1012)</package>
          <package>msdynce_ServiceAnchor (9.0.22105.1008)</package>
        </Required>
        <Dependent type="10" schemaName="msdyn_appconfiguration_systemuser" displayName="msdyn_appconfiguration_systemuser" parentSchemaName="msdyn_appconfiguration" parentDisplayName="App profile" />
      </MissingDependency>
      <MissingDependency>
        <Required type="10" schemaName="msdyn_msdyn_attributevalue_systemuser" displayName="msdyn_msdyn_attributevalue_systemuser" parentSchemaName="msdyn_attributevalue" parentDisplayName="Attribute Value" solution="msdyn_SalesRouting (9.1.2210.5005)">
          <package>msdyn_AcceleratedSalesAnchor (9.1.22105.10008)</package>
          <package>msdynce_SalesInsightsAnchor (9.0.22105.10005)</package>
        </Required>
        <Dependent type="10" schemaName="msdyn_msdyn_attributevalue_systemuser" displayName="msdyn_msdyn_attributevalue_systemuser" parentSchemaName="msdyn_attributevalue" parentDisplayName="Attribute Value" />
      </MissingDependency>
      <MissingDependency>
        <Required type="10" schemaName="msdyn_msdyn_presence_systemuser" displayName="msdyn_msdyn_presence_systemuser" parentSchemaName="msdyn_presence" parentDisplayName="Presence" solution="OmnichannelBase (1.5.0.5879)">
          <package>UnifiedRoutingPrimeAnchor (1.5.16.6301)</package>
        </Required>
        <Dependent type="10" schemaName="msdyn_msdyn_presence_systemuser" displayName="msdyn_msdyn_presence_systemuser" parentSchemaName="msdyn_presence" parentDisplayName="Presence" />
      </MissingDependency>
      <MissingDependency>
        <Required type="2" schemaName="msdyn_name" displayName="Name" parentSchemaName="msdyn_presence" parentDisplayName="Presence" solution="OmnichannelBase (1.5.0.5879)">
          <package>UnifiedRoutingPrimeAnchor (1.5.16.6301)</package>
        </Required>
        <Dependent type="10" schemaName="msdyn_msdyn_presence_systemuser" displayName="msdyn_msdyn_presence_systemuser" parentSchemaName="msdyn_presence" parentDisplayName="Presence" />
      </MissingDependency>
      <MissingDependency>
        <Required type="2" schemaName="msdyn_presenceid" displayName="Presence" parentSchemaName="msdyn_presence" parentDisplayName="Presence" solution="OmnichannelBase (1.5.0.5879)">
          <package>UnifiedRoutingPrimeAnchor (1.5.16.6301)</package>
        </Required>
        <Dependent type="10" schemaName="msdyn_msdyn_presence_systemuser" displayName="msdyn_msdyn_presence_systemuser" parentSchemaName="msdyn_presence" parentDisplayName="Presence" />
      </MissingDependency>
      <MissingDependency>
        <Required type="2" schemaName="msdyn_defaultpresenceiduser" displayName="Default Presence" parentSchemaName="systemuser" parentDisplayName="User" solution="OmnichannelBase (1.5.0.5879)">
          <package>UnifiedRoutingPrimeAnchor (1.5.16.6301)</package>
        </Required>
        <Dependent type="10" schemaName="msdyn_msdyn_presence_systemuser" displayName="msdyn_msdyn_presence_systemuser" parentSchemaName="msdyn_presence" parentDisplayName="Presence" />
      </MissingDependency>
      <MissingDependency>
        <Required type="2" schemaName="siteid" displayName="Site" parentSchemaName="systemuser" parentDisplayName="User" solution="msdynce_Service (9.0.5.56)">
          <package>msdynce_ServiceAnchor (9.0.22105.1008)</package>
        </Required>
        <Dependent type="60" displayName="Information" parentDisplayName="User" id="{c0d7d7dd-afd0-4675-85fe-1cc5a48be6df}" />
      </MissingDependency>
      <MissingDependency>
        <Required type="2" schemaName="territoryid" displayName="Territory" parentSchemaName="systemuser" parentDisplayName="User" solution="msdynce_AppCommon (9.0.4.0066)">
          <package>msdynce_AppCommonAnchor (9.0.22105.10001)</package>
        </Required>
        <Dependent type="60" displayName="Information" parentDisplayName="User" id="{c0d7d7dd-afd0-4675-85fe-1cc5a48be6df}" />
      </MissingDependency>
      <MissingDependency>
        <Required type="29" displayName="Phone to Case Process" solution="msdynce_Service (9.0.5.56)" id="{0ffbcde4-61c1-4355-aa89-aa1d7b2b8792}">
          <package>msdynce_ServiceAnchor (9.0.22105.1008)</package>
        </Required>
        <Dependent type="29" displayName="Phone to Case Process" id="{0ffbcde4-61c1-4355-aa89-aa1d7b2b8792}" />
      </MissingDependency>
      <MissingDependency>
        <Required type="61" schemaName="msdyn_/ActivityFeeds.Form.js" displayName="msdyn_/ActivityFeeds.Form.js" solution="ActivityFeedsCore (9.0.0.0008)" />
        <Dependent type="60" displayName="Information" parentDisplayName="User" id="{c0d7d7dd-afd0-4675-85fe-1cc5a48be6df}" />
      </MissingDependency>
      <MissingDependency>
        <Required type="61" schemaName="msdyn_/Images/AppModule_Default_Icon.png" displayName="msdyn_/Images/AppModule_Default_Icon.png" solution="AppModuleWebResources (2.5)" />
        <Dependent type="80" schemaName="ava_EmergencyResponse" displayName="Emergency Response Back End" />
      </MissingDependency>
      <MissingDependency>
        <Required type="61" schemaName="msdyn_/RecordWall.htm" displayName="msdyn_/RecordWall.htm" solution="ActivityFeedsCore (9.0.0.0008)" />
        <Dependent type="60" displayName="Information" parentDisplayName="User" id="{c0d7d7dd-afd0-4675-85fe-1cc5a48be6df}" />
      </MissingDependency>
      <MissingDependency>
        <Required type="66" schemaName="MscrmControls.FieldControls.ToggleControl" displayName="MscrmControls.FieldControls.ToggleControl" solution="BaseCustomControlsCore (9.0.2211.1013)" />
        <Dependent type="60" displayName="Main Form - Back End" parentDisplayName="Request" id="{69a67d63-fa60-4683-9d28-f2f8584e7434}" />
      </MissingDependency>
      <MissingDependency>
        <Required type="66" schemaName="MscrmControls.FlipSwitch.FlipSwitchControl" displayName="MscrmControls.FlipSwitch.FlipSwitchControl" solution="CustomControlsCore (9.2.22111.00176)" />
        <Dependent type="60" displayName="Main Form - Back End" parentDisplayName="Request" id="{69a67d63-fa60-4683-9d28-f2f8584e7434}" />
      </MissingDependency>
      <MissingDependency>
        <Required type="66" schemaName="MscrmControls.InputMask.InputMaskControl" displayName="MscrmControls.InputMask.InputMaskControl" solution="CustomControlsCore (9.2.22111.00176)" />
        <Dependent type="60" displayName="Limited Release from Quarantine - Portal" parentDisplayName="Request" id="{0aab6802-fa33-4bec-b8c6-3a2cb5a00ce2}" />
      </MissingDependency>
      <MissingDependency>
        <Required type="66" schemaName="MscrmControls.InputMask.InputMaskControl" displayName="MscrmControls.InputMask.InputMaskControl" solution="CustomControlsCore (9.2.22111.00176)" />
        <Dependent type="60" displayName="Canadian returning or travelling form - Portal" parentDisplayName="Request" id="{d9219d82-a3ce-487e-8b52-75ecd534993c}" />
      </MissingDependency>
      <MissingDependency>
        <Required type="66" schemaName="MscrmControls.OptionSet.OptionSetControl" displayName="MscrmControls.OptionSet.OptionSetControl" solution="CustomControlsCore (9.2.22111.00176)" />
        <Dependent type="60" displayName="Limited Release from Quarantine - Portal" parentDisplayName="Request" id="{0aab6802-fa33-4bec-b8c6-3a2cb5a00ce2}" />
      </MissingDependency>
      <MissingDependency>
        <Required type="66" schemaName="MscrmControls.OptionSet.OptionSetControl" displayName="MscrmControls.OptionSet.OptionSetControl" solution="CustomControlsCore (9.2.22111.00176)" />
        <Dependent type="60" displayName="Foreign National Enter Only - Portal" parentDisplayName="Request" id="{1280afd7-65f7-ea11-a815-000d3af425c3}" />
      </MissingDependency>
      <MissingDependency>
        <Required type="66" schemaName="MscrmControls.OptionSet.OptionSetControl" displayName="MscrmControls.OptionSet.OptionSetControl" solution="CustomControlsCore (9.2.22111.00176)" />
        <Dependent type="60" displayName="Entry to Canada and Limited Release - Portal" parentDisplayName="Request" id="{c520d1a0-9227-4541-8450-f6629c5713ce}" />
      </MissingDependency>
      <MissingDependency>
        <Required type="66" schemaName="MscrmControls.OptionSet.OptionSetControl" displayName="MscrmControls.OptionSet.OptionSetControl" solution="CustomControlsCore (9.2.22111.00176)" />
        <Dependent type="60" displayName="Canadian returning or travelling form - Portal" parentDisplayName="Request" id="{d9219d82-a3ce-487e-8b52-75ecd534993c}" />
      </MissingDependency>
      <MissingDependency>
        <Required type="66" schemaName="MscrmControls.OptionSet.OptionSetControl" displayName="MscrmControls.OptionSet.OptionSetControl" solution="CustomControlsCore (9.2.22111.00176)" />
        <Dependent type="60" displayName="Foreign National Seeking Entry  - Portal" parentDisplayName="Request" id="{f3abba4f-5fe7-4d80-ba6d-af5b266a95e0}" />
      </MissingDependency>
      <MissingDependency>
        <Required type="9" schemaName="msdyn_applicationtype" displayName="Application Type" solution="msdyn_AppProfileManager (10.1.22105.1012)">
          <package>msdyn_AppProfileManagerAnchor (10.1.22105.1012)</package>
          <package>msdynce_ServiceAnchor (9.0.22105.1008)</package>
        </Required>
        <Dependent type="9" schemaName="msdyn_applicationtype" displayName="Application Type" />
      </MissingDependency>
    </MissingDependencies>
  </SolutionManifest>
</ImportExportXml>